"RegionID","RegionName","StateName","HomeValue","DaysPending","PriceCut"
394913,"New York, NY","NY",668360.5384,49,57486.876014469
753899,"Los Angeles, CA","CA",966785.7735,29,71750.5965946149
394463,"Chicago, IL","IL",326968.4879,24,18543.7866935236
394514,"Dallas, TX","TX",381600.2437,38,15721.2746025854
394692,"Houston, TX","TX",312051.87,47,15072.2420553388
395209,"Washington, DC","VA",569099.4856,17,27118.2052079005
394974,"Philadelphia, PA","PA",366139.7482,24,18355.1308496054
394856,"Miami, FL","FL",490171.0686,68,29714.7341944144
394347,"Atlanta, GA","GA",388470.5845,41,15084.1188273134
394404,"Boston, MA","MA",706038.5543,18,52441.5476525246
394976,"Phoenix, AZ","AZ",460512.553,44,16577.2565705326
395057,"San Francisco, CA","CA",1180320.7,25,69905.0476380909
395025,"Riverside, CA","CA",586146.0772,39,25556.704582591
394532,"Detroit, MI","MI",257336.5412,24,16567.7996125097
395078,"Seattle, WA","WA",748590.8544,17,34354.1387792437
394865,"Minneapolis, MN","MN",379821.7381,29,17479.9978178933
395056,"San Diego, CA","CA",957581.8941,25,51225.0520402636
395148,"Tampa, FL","FL",381940.5537,49,16109.5513862162
394530,"Denver, CO","CO",592719.708,24,19067.3174709206
394358,"Baltimore, MD","MD",388667.4884,20,17840.3951604458
395121,"St. Louis, MO","MO",256453.1791,20,13917.4232073285
394943,"Orlando, FL","FL",399253.401,47,14906.8711498743
394458,"Charlotte, NC","NC",386866.1187,30,15637.0428668063
395055,"San Antonio, TX","TX",290482.5274,61,12408.0034295238
394998,"Portland, OR","OR",554846.5602,29,23109.2255069396
395045,"Sacramento, CA","CA",585947.8584,25,24729.1953610497
394982,"Pittsburgh, PA","PA",219454.6541,29,14694.2857616265
394466,"Cincinnati, OH","OH",289964.6868,17,14875.0159393116
394355,"Austin, TX","TX",466102.7678,61,25087.9452909833
394775,"Las Vegas, NV","NV",430322.34,35,15951.3669799212
394735,"Kansas City, MO","MO",308833.3347,19,13948.2018768858
394492,"Columbus, OH","OH",316824.6975,15,13696.9430874648
394705,"Indianapolis, IN","IN",284630.7297,24,11263.0845449949
394475,"Cleveland, OH","OH",234370.6041,19,14037.6436692461
395059,"San Jose, CA","CA",1624016.019,18,94021.8394764875
394902,"Nashville, TN","TN",447169.8994,36,21391.7206292536
395194,"Virginia Beach, VA","VA",353710.1664,34,11495.3482997875
395005,"Providence, RI","RI",488722.3766,21,34855.3678726411
394714,"Jacksonville, FL","FL",361529.8387,58,13749.0952256863
394862,"Milwaukee, WI","WI",352718.8082,27,17950.813663885
394935,"Oklahoma City, OK","OK",238195.8581,43,9208.09026196107
395012,"Raleigh, NC","NC",448653.4846,25,13960.5747569343
394849,"Memphis, TN","TN",243432.9686,50,10367.9748414725
395022,"Richmond, VA","VA",373458.8091,17,15042.7976065236
394807,"Louisville, KY","KY",260413.1128,23,11219.9231694147
394910,"New Orleans, LA","LA",243729.0342,69,15512.0007423996
395053,"Salt Lake City, UT","UT",548835.2016,27,18637.9568151147
394669,"Hartford, CT","CT",365701.0784,13,27344.8436457599
394425,"Buffalo, NY","NY",266993.3687,20,18052.9944246325
394388,"Birmingham, AL","AL",255336.5558,39,12698.4392815155
395031,"Rochester, NY","NY",258398.491,15,19275.2249152226
394640,"Grand Rapids, MI","MI",331728.5295,15,18450.7449275095
395167,"Tucson, AZ","AZ",352656.2053,39,13109.9176696875
753924,"Urban Honolulu, HI","HI",867056.6753,55,34692.6460485472
395169,"Tulsa, OK","OK",237977.6439,44,11699.3093762228
394619,"Fresno, CA","CA",400651.7783,30,17555.83105758
395238,"Worcester, MA","MA",460505.4239,17,24032.875769667
394938,"Omaha, NE","NE",293416.1397,20,13957.7640036585
394415,"Bridgeport, CT","CT",630514.9952,21,71616.2558486001
394653,"Greenville, SC","SC",299908.4678,36,15349.0783978271
394312,"Albuquerque, NM","NM",338021.4776,26,12653.7084803635
394357,"Bakersfield, CA","CA",354901.1873,33,12381.9670911634
394308,"Albany, NY","NY",336049.8257,22,23847.4971988658
394753,"Knoxville, TN","TN",349057.9795,28,15452.241656552
394367,"Baton Rouge, LA","LA",240016.9679,53,11512.438983075
394843,"McAllen, TX","TX",188237.9546,94,10703.8788305143
394908,"New Haven, CT","CT",373655.7155,18,22613.2682050482
394561,"El Paso, TX","TX",219498.7423,54,10264.1730823251
394318,"Allentown, PA","PA",334984.9967,21,19444.2197318059
394952,"Oxnard, CA","CA",876716.5528,24,51711.8269047104
394486,"Columbia, SC","SC",253466.1903,33,10614.2553697547
753906,"North Port, FL","FL",450115.933,74,24603.0863838312
394457,"Charleston, SC","SC",441007.7875,37,21413.4074972725
394648,"Greensboro, NC","NC",259017.9979,28,10974.4306266173
395134,"Stockton, CA","CA",542281.3732,26,21502.9074659629
394440,"Cape Coral, FL","FL",390184.7994,85,19759.2211719178
394399,"Boise City, ID","ID",482228.422,30,18614.9867106348
394484,"Colorado Springs, CO","CO",464035.7941,30,13065.1481213287
394798,"Little Rock, AR","AR",221983.162,44,11582.3113389962
394766,"Lakeland, FL","FL",315149.4786,59,10536.7398754738
394304,"Akron, OH","OH",224466.1999,18,13292.6846882513
394531,"Des Moines, IA","IA",285374.8924,34,10722.0876509322
395115,"Springfield, MA","MA",354293.3191,17,20325.8185507811
394931,"Ogden, UT","UT",498018.7056,29,13820.7209751016
394816,"Madison, WI","WI",415828.6274,19,21574.6798436825
395235,"Winston, NC","NC",271875.1772,29,11823.9193431158
394528,"Deltona, FL","FL",346652.8947,68,14387.6646175148
395143,"Syracuse, NY","NY",236063.0243,18,19134.8775019534
395006,"Provo, UT","UT",533481.8377,34,16036.3351432927
395160,"Toledo, OH","OH",191941.8396,19,13538.7959841446
395224,"Wichita, KS","KS",217703.187,24,10971.1872741093
394549,"Durham, NC","NC",419390.4745,25,21528.5457604636
394352,"Augusta, GA","GA",236987.1871,40,11211.5947170718
394957,"Palm Bay, FL","FL",357251.3193,57,13739.0636137318
394711,"Jackson, MS","MS",197463.63,45,11976.8866783598
394666,"Harrisburg, PA","PA",287894.0663,17,13404.0629962756
395113,"Spokane, WA","WA",417085.5717,29,17579.3566708305
395075,"Scranton, PA","PA",211244.3129,38,13818.4927394146
394460,"Chattanooga, TN","TN",309819.0369,38,14768.7795716017
394871,"Modesto, CA","CA",469124.0816,26,18180.4408953055
394768,"Lancaster, PA","PA",349322.6613,13,12530.1231000481
394997,"Portland, ME","ME",524616.7033,20,42287.5990879444
395245,"Youngstown, OH","OH",161597.7869,28,13916.4271051543
394770,"Lansing, MI","MI",235466.1593,20,12906.705973144
394590,"Fayetteville, AR","AR",342579.6442,39,18545.4320271488
394589,"Fayetteville, NC","NC",246751.3539,25,8291.64043394747
394792,"Lexington, KY","KY",299845.6241,21,14832.9549325745
394971,"Pensacola, FL","FL",309735.8763,53,12736.506652805
395068,"Santa Rosa, CA","CA",816507.278,27,53137.2315958724
395019,"Reno, NV","NV",548868.9498,32,26682.8258107278
394698,"Huntsville, AL","AL",309499.1833,39,10267.9012381876
394995,"Port St. Lucie, FL","FL",401970.6947,67,19065.3851548813
394761,"Lafayette, LA","LA",193478.8589,52,9305.41607551595
394898,"Myrtle Beach, SC","SC",338480.54,56,11694.1987652987
395116,"Springfield, MO","MO",257747.5303,31,12322.8027131783
395195,"Visalia, CA","CA",349502.9525,34,15805.3791997519
394746,"Killeen, TX","TX",258288.9425,66,12284.2369421082
394338,"Asheville, NC","NC",435964.0973,46,24077.3309093598
395244,"York, PA","PA",285025.4564,15,12012.7850867603
395183,"Vallejo, CA","CA",594287.7612,28,18311.3587607701
753917,"Santa Maria, CA","CA",982112.167,33,103430.803427507
395050,"Salinas, CA","CA",844401.7544,34,80736.9189416691
395048,"Salem, OR","OR",446872.1917,36,14094.9565287356
394870,"Mobile, AL","AL",192269.0971,43,12492.8610740351
395015,"Reading, PA","PA",289595.5974,17,15164.3859643546
394502,"Corpus Christi, TX","TX",224511.5364,69,17190.5918242997
394421,"Brownsville, TX","TX",193241.2676,89,14549.8652544824
394820,"Manchester, NH","NH",490918.9813,12,31158.5362456077
394612,"Fort Wayne, IN","IN",244704.3774,21,10388.1213346248
394658,"Gulfport, MS","MS",213976.1412,58,12084.3465564303
395051,"Salisbury, MD","DE",423739.4764,45,21070.3696440992
394596,"Flint, MI","MI",185875.1199,25,11167.3459275235
394972,"Peoria, IL","IL",152373.726,23,11514.3594805798
394439,"Canton, OH","OH",206127.7798,19,13487.5685105421
395070,"Savannah, GA","GA",343112.0062,42,17414.0703753175
394327,"Anchorage, AK","AK",381358.5388,18,15262.532424377
394372,"Beaumont, TX","TX",168201.0775,64,11860.7178405931
395096,"Shreveport, LA","LA",174383.6278,58,11597.4425106186
395164,"Trenton, NJ","NJ",424352.8657,22,33557.8258412962
394875,"Montgomery, AL","AL",194976.0544,41,12446.7239347402
394520,"Davenport, IA","IL",179424.8066,26,11369.5884014037
395146,"Tallahassee, FL","FL",282746.2888,37,13076.1870738196
394576,"Eugene, OR","OR",455581.9952,40,20296.7363777731
394901,"Naples, FL","FL",604606.115,85,46103.8435512259
394332,"Ann Arbor, MI","MI",411823.2912,15,23788.3894422386
394927,"Ocala, FL","FL",279895.075,69,12281.3490144956
394679,"Hickory, NC","NC",256640.3954,47,15770.8536228537
394697,"Huntington, WV","OH",148997.8427,41,11594.0453634085
394602,"Fort Collins, CO","CO",559839.7228,32,19414.1786054611
395033,"Rockford, IL","IL",194989.2703,15,11581.2796532497
394796,"Lincoln, NE","NE",291418.0343,22,14131.4304742698
394622,"Gainesville, FL","FL",309349.8186,45,16238.2721940314
394405,"Boulder, CO","CO",747585.7703,36,40989.5980372879
394646,"Green Bay, WI","WI",316816.9899,51,22256.4923877486
394488,"Columbus, GA","GA",191166.9642,30,11292.2241609546
395107,"South Bend, IN","IN",225024.4928,28,14657.8593048714
395109,"Spartanburg, SC","SC",268425.5433,40,10583.996279401
394645,"Greeley, CO","CO",500073.3559,33,16690.0454928989
394808,"Lubbock, TX","TX",209213.6956,50,9877.03403842837
394471,"Clarksville, TN","TN",277096.931,34,8355.29587607222
395028,"Roanoke, VA","VA",281673.6754,27,11328.3236446592
394579,"Evansville, IN","IN",211971.043,26,10127.6822838365
394747,"Kingsport, TN","TN",233929.4489,35,13947.2901350436
394741,"Kennewick, WA","WA",432558.3155,33,13617.1820385253
395179,"Utica, NY","NY",207326.3928,34,18042.2006656255
394660,"Hagerstown, MD","MD",307766.6276,22,12818.0173473135
394543,"Duluth, MN","MN",247496.4886,24,15537.7993504818
394937,"Olympia, WA","WA",524069.9804,22,19041.3947212956
394803,"Longview, TX","TX",218205.4483,78,12216.2662121051
395229,"Wilmington, NC","NC",430798.8848,35,19345.1313694269
395061,"San Luis Obispo, CA","CA",901599.5822,32,54502.2310191518
753875,"Crestview, FL","FL",445687.076,78,30519.9603296071
394851,"Merced, CA","CA",416500.6095,34,22793.2388002229
395197,"Waco, TX","TX",261013.2782,58,13463.9913189752
394447,"Cedar Rapids, IA","IA",224055.4777,32,8504.37504022458
394348,"Atlantic City, NJ","NJ",360867.1129,47,29312.957965551
394412,"Bremerton, WA","WA",562419.4998,20,28504.9283630255
395103,"Sioux Falls, SD","SD",332969.671,45,14449.0148300773
395065,"Santa Cruz, CA","CA",1181192.227,32,89349.7588498484
394572,"Erie, PA","PA",199568.7208,28,11395.3961705223
394924,"Norwich, CT","CT",390707.9,23,46740.7504530293
394323,"Amarillo, TX","TX",210011.694,48,9859.39817938874
394772,"Laredo, TX","TX",206726.4259,77,10329.5283516136
395171,"Tuscaloosa, AL","AL",219855.6437,42,17061.449758085
394483,"College Station, TX","TX",301455.8363,59,15481.1901141838
394732,"Kalamazoo, MI","MI",268250.332,23,15005.4607078011
394811,"Lynchburg, VA","VA",276554.8839,28,13086.4921544358
394455,"Charleston, WV","WV",143062.2707,34,12863.1166552582
395240,"Yakima, WA","WA",343372.3632,43,14847.9132272407
394585,"Fargo, ND","ND",303519.6295,38,10131.215399684
394387,"Binghamton, NY","NY",183040.9452,30,12143.9532828283
394609,"Fort Smith, AR","AR",187893.6271,58,12266.7083258989
394334,"Appleton, WI","WI",321725.5216,53,15374.1627317461
395161,"Topeka, KS","KS",207775.0681,27,12886.6323422253
394813,"Macon, GA","GA",190215.9001,45,10264.5818647632
395174,"Tyler, TX","TX",276152.0064,60,15209.7093932893
394361,"Barnstable Town, MA","MA",736867.3987,32,65447.4869375985
394519,"Daphne, AL","AL",389265.7253,83,16154.8550308775
394378,"Bellingham, WA","WA",606975.2153,21,38477.2486043726
394429,"Burlington, VT","VT",477150.2258,17,29911.1245992765
395030,"Rochester, MN","MN",322077.2515,29,13257.8378732233
753895,"Lafayette, IN","IN",266785.5735,19,13047.7138415256
394454,"Champaign, IL","IL",211653.3762,19,12781.1321494691
394848,"Medford, OR","OR",433312.5081,49,17797.2965951586
394459,"Charlottesville, VA","VA",447223.6823,24,30239.6328671329
394763,"Lake Charles, LA","LA",190350.5279,76,10164.1109956799
394773,"Las Cruces, NM","NM",286220.1573,52,11705.4919349078
394464,"Chico, CA","CA",403782.5688,38,16624.6860401072
394681,"Hilton Head Island, SC","SC",523795.0837,54,26207.7049775461
394346,"Athens, GA","GA",352295.5397,36,19998.1922000592
394765,"Lake Havasu City, AZ","AZ",361082.2113,64,15452.3230629122
394485,"Columbia, MO","MO",298286.8145,28,16009.1786147864
395114,"Springfield, IL","IL",178103.2526,18,13530.1678816431
394691,"Houma, LA","LA",184742.3466,95,12337.7474476142
394872,"Monroe, LA","LA",155192.4981,55,12005.8696581197
394565,"Elkhart, IN","IN",246631.5005,30,11130.5493174153
394726,"Johnson City, TN","TN",264741.7458,26,14180.5478672986
395247,"Yuma, AZ","AZ",276847.1764,59,10792.8564229752
394623,"Gainesville, GA","GA",387570.6666,44,20633.1853145233
394716,"Jacksonville, NC","NC",276210.1448,23,9207.5871557109
394597,"Florence, SC","SC",182373.7003,44,11863.8719226042
394680,"Hilo, HI","HI",565205.0533,69,34323.457803816
395118,"St. Cloud, MN","MN",304422.1175,32,13401.4556345902
395011,"Racine, WI","WI",280440.4765,26,16212.6242835379
394380,"Bend, OR","OR",679418.6947,38,31000.107258302
395047,"Saginaw, MI","MI",163874.2502,30,11266.479271967
395202,"Warner Robins, GA","GA",240042.9077,32,9912.19985148785
395151,"Terre Haute, IN","IN",157561.8091,38,11607.6694024339
395162,"Torrington, CT","CT",396653.1545,27,48451.2506865704
395009,"Punta Gorda, FL","FL",351516.029,89,17543.8545143322
394386,"Billings, MT","MT",399955.0536,41,14983.9290304428
395018,"Redding, CA","CA",376497.1071,39,16849.8940382937
394748,"Kingston, NY","NY",415820.4431,48,39631.0465783557
394960,"Panama City, FL","FL",352114.6396,84,15797.6007145334
394729,"Joplin, MO","MO",212238.0456,30,11805.8671570837
394539,"Dover, DE","DE",352797.8104,31,10528.8925938439
394712,"Jackson, TN","TN",200889.5932,42,14817.5181963873
395246,"Yuba City, CA","CA",432255.8897,34,12971.2725373134
394406,"Bowling Green, KY","KY",250258.667,55,10120.6821210372
395119,"St. George, UT","UT",528731.6179,61,24781.3814190459
394896,"Muskegon, MI","MI",238516.2673,21,16058.9109474943
394299,"Abilene, TX","TX",196591.2352,46,11573.3464273632
394707,"Iowa City, IA","IA",288709.6952,48,12807.118580732
394351,"Auburn, AL","AL",316960.7316,34,11104.3227549327
394860,"Midland, TX","TX",305783.005,39,17536.4144940814
394671,"Hattiesburg, MS","MS",204264.6005,48,11875.0906420623
753869,"Bloomington, IL","IL",238983.145,15,13067.3933958338
394944,"Oshkosh, WI","WI",280204.3661,41,16424.9591937313
394555,"Eau Claire, WI","WI",310285.2266,39,15160.6410107876
394651,"Greenville, NC","NC",245497.4036,24,10269.3905760466
394428,"Burlington, NC","NC",289389.4381,25,10710.0443568892
395210,"Waterloo, IA","IA",192585.2069,28,11185.0890774125
394480,"Coeur d'Alene, ID","ID",562978.3699,45,32397.0092766355
394553,"East Stroudsburg, PA","PA",304951.8329,48,13732.2073598081
395007,"Pueblo, CO","CO",294149.3958,65,10175.7342388082
394392,"Blacksburg, VA","VA",271469.8659,27,18662.6960105112
395215,"Wausau, WI","WI",243347.8873,61,19108.5090968161
394731,"Kahului, HI","HI",1066545.096,56,83936.016767425
394720,"Janesville, WI","WI",263889.4909,23,12355.1300940439
394393,"Bloomington, IN","IN",295038.3517,55,16392.8155284157
394930,"Odessa, TX","TX",231630.425,43,10994.1652883762
394710,"Jackson, MI","MI",214217.371,27,15078.2135583366
395125,"State College, PA","PA",329381.2163,21,17286.6758247821
395079,"Sebastian, FL","FL",379893.5249,66,22662.5244067677
394814,"Madera, CA","CA",414359.2702,53,22410.8137272866
394523,"Decatur, AL","AL",227579.2909,49,10312.380481304
394453,"Chambersburg, PA","PA",274367.8417,20,12328.3747226489
395193,"Vineland, NJ","NJ",255353.4985,37,14850.5585919435
394703,"Idaho Falls, ID","ID",395400.4416,40,13832.264965116
394639,"Grand Junction, CO","CO",408239.0096,36,14151.8131661822
394563,"Elizabethtown, KY","KY",228122.6167,39,9419.52018134371
394917,"Niles, MI","MI",259749.7657,32,23896.3743191136
394873,"Monroe, MI","MI",248560.6313,24,13769.756918239
395066,"Santa Fe, NM","NM",555708.9884,47,47441.6236037201
394493,"Concord, NH","NH",458985.0251,11,26437.6666666667
394314,"Alexandria, LA","LA",158487.7718,61,10497.6728107448
395163,"Traverse City, MI","MI",404000.7309,33,26883.10709059
394359,"Bangor, ME","ME",268290.9574,31,16324.4501282334
394685,"Homosassa Springs, FL","FL",285714.5059,70,12402.0055164139
394662,"Hanford, CA","CA",349364.6458,34,10654.4958604271
394723,"Jefferson City, MO","MO",247617.7804,22,15530.1346504133
394598,"Florence, AL","AL",207457.5445,47,15764.2533038167
394537,"Dothan, AL","AL",182932.888,45,11231.8218293309
394802,"London, KY","KY",145825.4223,64,12004.5698807459
394306,"Albany, GA","GA",161472.3058,48,11148.2406314668
395102,"Sioux City, IA","IA",209330.6021,40,11354.5736795075
395223,"Wichita Falls, TX","TX",167614.7862,63,10874.3732371876
395152,"Texarkana, TX","TX",174784.2268,70,12945.7681055973
394800,"Logan, UT","UT",448201.0329,53,14473.164112934
394595,"Flagstaff, AZ","AZ",628264.2699,43,28877.6594771242
395036,"Rocky Mount, NC","NC",200390.153,45,8832.99923632028
395000,"Pottsville, PA","PA",142749.3299,24,10381.8513790131
394515,"Dalton, GA","GA",237593.8519,35,14123.6408931508
394783,"Lebanon, PA","PA",287854.6487,18,12492.5715907205
394880,"Morristown, TN","TN",278875.1688,46,17751.6888681398
395232,"Winchester, VA","VA",367234.7307,23,15775.8930519246
395221,"Wheeling, WV","OH",141452.5176,38,11449.2111954651
394879,"Morgantown, WV","WV",235817.3755,26,16033.6120710914
394756,"La Crosse, WI","WI",299278.9094,21,15893.0234823316
394900,"Napa, CA","CA",925087.2745,50,109177.45948893
395013,"Rapid City, SD","SD",356993.75,28,14335.6391233092
395139,"Sumter, SC","SC",190394.8621,39,11440.5078945436
395117,"Springfield, OH","OH",190029.2409,18,8233.11191116738
394668,"Harrisonburg, VA","VA",325461.5483,27,15006.4431077694
394368,"Battle Creek, MI","MI",182817.3846,25,12973.918887755
395094,"Sherman, TX","TX",292008.6216,57,18044.9069715058
394821,"Manhattan, KS","KS",244024.0486,33,9442.92197829068
394442,"Carbondale, IL","IL",137878.0113,40,14165.123015873
394727,"Johnstown, PA","PA",113439.1198,30,10617.1491788635
394728,"Jonesboro, AR","AR",193383.5024,57,12193.5737995338
394390,"Bismarck, ND","ND",335925.6535,31,14630.620314629
394661,"Hammond, LA","LA",213023.8223,60,8877.29344222368
394983,"Pittsfield, MA","MA",373391.9776,42,47101.6657848325
394890,"Mount Vernon, WA","WA",575966.0143,28,34996.7036972445
394719,"Jamestown, NY","NY",167775.6556,40,16236.6119247183
395153,"The Villages, FL","FL",402574.7909,63,14189.3198352927
394307,"Albany, OR","OR",410386.2296,40,20617.7786690434
394633,"Glens Falls, NY","NY",293717.8969,38,36510.6624329549
394780,"Lawton, OK","OK",137451.2952,38,10449.2193392519
394474,"Cleveland, TN","TN",292460.3029,39,12672.473357129
395098,"Sierra Vista, AZ","AZ",256437.4359,69,13878.7278174548
394325,"Ames, IA","IA",252024.9373,30,11305.1986002016
394824,"Mansfield, OH","OH",181514.8074,19,11506.1488017429
395128,"Staunton, VA","VA",309598.453,23,15102.9399972253
394353,"Augusta, ME","ME",318825.6112,24,21480.2595703362
394905,"New Bern, NC","NC",253612.3848,39,12063.7675963413
394588,"Farmington, NM","NM",240954.5247,33,17338.3041567129
395120,"St. Joseph, MO","MO",190367.6623,26,9641.25485133874
395218,"Wenatchee, WA","WA",499066.657,35,28923.778451108
394949,"Owensboro, KY","KY",192864.6501,30,9826.22463525962
753890,"Holland, MI","MI",317349.7586,30,22620.9515315677
394810,"Lumberton, NC","NC",138848.2505,59,11076.5037944099
394778,"Lawrence, KS","KS",315778.926,20,12875.6960769615
394635,"Goldsboro, NC","NC",182266.1457,33,11168.3974578658
395213,"Watertown, NY","NY",213435.0025,44,12426.2416821514
395089,"Sheboygan, WI","WI",288309.7701,25,20233.8258706468
395217,"Weirton, WV","OH",129298.5719,51,11314.7374145299
394407,"Bozeman, MT","MT",720338.2384,47,44971.3468680041
394333,"Anniston, AL","AL",161551.2824,36,10250.4159621555
394374,"Beckley, WV","WV",138620.5895,38,15143.8926539169
395225,"Williamsport, PA","PA",222627.7135,70,11293.1282665691
394423,"Brunswick, GA","GA",302656.2828,53,27573.6342653741
395173,"Twin Falls, ID","ID",367001.9264,47,13544.135488427
753872,"California, MD","MD",408093.0777,20,16355.5398599579
394495,"Cookeville, TN","TN",283995.763,76,14738.685577115
394893,"Muncie, IN","IN",155727.235,26,7939.32273307031
394857,"Michigan City, IN","IN",237813.9154,29,21061.2748711878
395039,"Roseburg, OR","OR",340770.3135,55,18437.5490703741
394788,"Lewiston, ME","ME",327057.7002,16,14837.4426406926
394804,"Longview, WA","WA",415391.2572,42,19273.0355204693
394932,"Ogdensburg, NY","NY",139474.4726,63,12719.3913309801
394734,"Kankakee, IL","IL",206356.0242,31,9310.4219510911
394396,"Bluefield, WV","VA",137508.3734,58,9942.63259491831
395095,"Show Low, AZ","AZ",388503.3251,60,16252.3712565507
395023,"Richmond, KY","KY",244618.9734,26,11894.2232918202
395168,"Tullahoma, TN","TN",297991.8102,46,16015.0838535733
395222,"Whitewater, WI","WI",374001.8743,51,28209.5563244275
394709,"Ithaca, NY","NY",338675.1187,19,27699.4338994339
394637,"Grand Forks, ND","MN",252965.0043,36,13844.6669296634
394524,"Decatur, IL","IL",112298.9751,21,10683.4858773792
394762,"LaGrange, GA","GA",189962.7353,54,13913.6787491997
394369,"Bay City, MI","MI",171235.6597,29,8870.51385470787
394599,"Fond du Lac, WI","WI",266916.5984,46,15048.6120416322
394630,"Gettysburg, PA","PA",310940.0647,26,17069.2353992048
394620,"Gadsden, AL","AL",174838.8391,50,12145.659279355
394518,"Danville, VA","VA",158519.622,43,11205.7199885649
394823,"Mankato, MN","MN",296863.3774,26,11895.9668109668
394794,"Lima, OH","OH",178144.4565,22,13763.3848765432
753915,"Salem, OH","OH",152921.0298,44,12113.0733378257
395166,"Truckee, CA","CA",631205.6371,42,30110.186398094
395080,"Sebring, FL","FL",247064.0089,65,12253.3150709284
394462,"Cheyenne, WY","WY",368121.3133,42,14095.3294668295
394689,"Hot Springs, AR","AR",249820.9918,74,16686.1080096607
394302,"Adrian, MI","MI",228246.9618,44,14881.9671793277
395090,"Shelby, NC","NC",201964.1902,44,11361.9046263194
394542,"Dubuque, IA","IA",256119.5333,26,7609.6026232474
394852,"Meridian, MS","MS",123234.7134,52,11063.3307562263
753912,"Pinehurst, NC","NC",406325.6113,31,20333.2945464949
394953,"Paducah, KY","KY",150073.3339,47,12665.010743316
395190,"Victoria, TX","TX",220112.9674,78,5418.7976234548
395038,"Rome, GA","GA",224158.9222,45,12046.6396487673
395086,"Sevierville, TN","TN",421572.336,69,21972.4899966798
394882,"Moses Lake, WA","WA",360225.1743,41,15536.8498673915
394340,"Ashtabula, OH","OH",175923.6096,36,13280.5084809049
394441,"Cape Girardeau, MO","MO",214989.1392,43,11970.687029457
394311,"Albertville, AL","AL",227876.8234,52,13827.7026747674
394580,"Fairbanks, AK","AK",302465.9738,32,14840.8876376376
394410,"Brainerd, MN","MN",345437.4692,38,21697.1656113921
394513,"Cumberland, MD","MD",160775.8842,42,14240.2473509887
394928,"Ocean City, NJ","NJ",710197.2225,61,45574.2140976109
394505,"Corvallis, OR","OR",541971.1229,23,22072.9071428571
394988,"Pocatello, ID","ID",344328.51,44,12709.3765876601
394501,"Corning, NY","NY",165176.3954,33,13970.3889558717
394911,"New Philadelphia, OH","OH",197839.7918,21,9786.20142309798
395140,"Sunbury, PA","PA",145956.7467,35,12473.0162601626
395175,"Ukiah, CA","CA",509168.6977,55,39492.7707282236
753887,"Hermiston, OR","OR",302154.686,62,20792.3950811094
394469,"Clarksburg, WV","WV",157295.1318,42,11864.7929131054
394964,"Parkersburg, WV","WV",164851.7059,50,12196.9015776523
394373,"Beaver Dam, WI","WI",288137.4533,36,16126.8288690476
394980,"Pine Bluff, AR","AR",103388.6979,95,8455.21946285909
394641,"Grants Pass, OR","OR",403193.1706,63,16275.2397888638
394511,"Cullman, AL","AL",239363.7515,53,19757.2404853129
394809,"Lufkin, TX","TX",195930.7132,75,11330.3337700622
395248,"Zanesville, OH","OH",193858.8584,29,12971.252811516
394907,"New Castle, PA","PA",157546.417,39,8508.51635145784
394925,"Oak Harbor, WA","WA",615933.51,30,37854.425405734
394942,"Orangeburg, SC","SC",153551.6758,71,14177.3251000129
395212,"Watertown, WI","WI",332981.739,44,22121.9084583305
394847,"Meadville, PA","PA",155065.4771,41,16499.7579445571
394568,"Elmira, NY","NY",155250.2099,34,12372.8170441347
394776,"Laurel, MS","MS",145455.0758,71,16217.4829931973
395042,"Russellville, AR","AR",185912.4209,56,11542.6269347706
394704,"Indiana, PA","PA",157678.5614,37,11801.9801587302
394859,"Midland, MI","MI",224549.7656,16,13785.8220930233
394755,"Kokomo, IN","IN",174145.4464,20,9211.50722244339
394395,"Bloomsburg, PA","PA",237150.0071,28,15056.0794040794
394744,"Key West, FL","FL",1021269.03,108,74058.8760184467
395145,"Talladega, AL","AL",194445.2565,55,13174.5570834363
395133,"Stillwater, OK","OK",220460.4071,42,14001.6195258829
394489,"Columbus, IN","IN",263057.8115,24,11800.4912458032
394345,"Athens, TX","TX",283747.1855,88,26885.3085843953
394452,"Centralia, WA","WA",445393.6947,44,16427.5431906889
394822,"Manitowoc, WI","WI",236311.7805,51,16321.3442192192
394682,"Hinesville, GA","GA",242870.2111,32,6218.71040123457
394541,"DuBois, PA","PA",125744.9429,46,10716.0451574569
395205,"Warsaw, IN","IN",273302.4141,44,15223.1426315715
394986,"Plattsburgh, NY","NY",213206.9168,41,14414.6565656566
395126,"Statesboro, GA","GA",267149.03,34,14463.6200178666
395231,"Wilson, NC","NC",210950.0063,38,12079.3358465608
753881,"Glenwood Springs, CO","CO",915821.4853,46,94562.1889103389
395085,"Seneca, SC","SC",281376.4275,48,19445.5034624646
394866,"Minot, ND","ND",244260.8666,35,9210.54883337324
394936,"Olean, NY","NY",151870.5271,42,19877.2685906686
394465,"Chillicothe, OH","OH",204753.7207,41,11484.5479582146
395077,"Searcy, AR","AR",195137.676,42,11568.0683662986
394638,"Grand Island, NE","NE",243040.8937,31,14883.9907120743
394994,"Port Angeles, WA","WA",503170.9917,31,26895.7661028894
394350,"Auburn, NY","NY",213202.3157,27,25945.5174350821
394699,"Huntsville, TX","TX",271645.1301,106,16523.9955932203
394738,"Keene, NH","NH",367183.8814,18,30160.6253968254
394674,"Heber, UT","UT",1088243.157,74,78113.6916435367
395010,"Quincy, IL","IL",166915.3038,28,8578.80184331797
395062,"Sandusky, OH","OH",224588.9165,29,13966.7468206226
394593,"Findlay, OH","OH",232585.5978,19,12663.1905083655
394614,"Frankfort, KY","KY",230678.5613,27,10605.2909356725
394516,"Danville, IL","IL",87936.71453,31,8209.80452035887
394298,"Aberdeen, WA","WA",327871.3424,45,17327.4102945119
394999,"Portsmouth, OH","OH",131771.1409,53,11963.3186923963
753893,"Jefferson, GA","GA",394065.6881,46,12646.2048195707
394736,"Kapaa, HI","HI",992426.6677,61,67429.997997416
394955,"Palatka, FL","FL",217405.047,74,14247.1303674776
395088,"Shawnee, OK","OK",180008.7894,60,10307.0806737589
394884,"Mount Airy, NC","NC",226622.067,45,13056.2408311276
394647,"Greeneville, TN","TN",238968.6317,39,17688.2547202296
394655,"Greenwood, SC","SC",165203.2313,54,15474.3951850244
394764,"Lake City, FL","FL",267207.398,76,16233.7380648965
394752,"Klamath Falls, OR","OR",290881.518,62,16660.4028573128
394877,"Morehead City, NC","NC",454838.3158,55,24425.7142664099
394472,"Clearlake, CA","CA",323709.8495,76,20777.6862600426
394305,"Alamogordo, NM","NM",218229.4806,46,10113.6089627177
395027,"Roanoke Rapids, NC","NC",102637.2315,56,26368.2420634921
394587,"Farmington, MO","MO",185558.3966,47,11477.919365722
394897,"Muskogee, OK","OK",146920.6569,47,11118.6251090766
394586,"Faribault, MN","MN",339666.2293,27,16667.1097105509
394829,"Marquette, MI","MI",231571.2572,33,20407.6471007206
394922,"North Wilkesboro, NC","NC",231630.0538,47,17218.4545454545
394885,"Mount Pleasant, MI","MI",209979.3525,50,10662.3387561375
394827,"Marion, OH","OH",172761.3568,18,10282.7124183007
395016,"Red Bluff, CA","CA",323535.2857,64,18123.9023781249
394825,"Marinette, WI","WI",183881.4574,42,12682.1321791128
395040,"Roswell, NM","NM",147258.0176,56,11761.3418838381
395092,"Shelton, WA","WA",464267.2142,33,26708.2383324347
394540,"Dublin, GA","GA",159789.4394,47,11329.2173076923
394899,"Nacogdoches, TX","TX",207711.0872,51,11562.0658730159
395105,"Somerset, KY","KY",172850.4608,58,11894.7951533256
394496,"Coos Bay, OR","OR",357356.5316,60,20857.1889525219
394600,"Forest City, NC","NC",218697.5891,55,17265.2926819923
394836,"Martinsville, VA","VA",132838.4284,46,9874.72555250614
395020,"Rexburg, ID","ID",413787.8805,55,17760.0858422739
394787,"Lewiston, ID","ID",362417.934,43,13481.0362318841
394759,"Laconia, NH","NH",479960.5753,24,47801.5873186551
394629,"Georgetown, SC","SC",397933.5885,64,17085.8164724602
394343,"Athens, OH","OH",173345.4478,33,15091.746031746
395063,"Sanford, NC","NC",286282.5557,40,12289.0144018583
394570,"Enid, OK","OK",132205.5929,43,6668.29324483417
394889,"Mount Vernon, OH","OH",272425.2389,24,20171.5447154472
395199,"Walla Walla, WA","WA",413709.2229,45,20399.5045177045
394693,"Hudson, NY","NY",438217.9487,79,55451.9917211329
395124,"Starkville, MS","MS",239395.049,60,14778.5285714286
394443,"Carlsbad, NM","NM",215351.3166,29,14347.0994689542
395136,"Sturgis, MI","MI",207821.7619,32,13132.3964690625
395044,"Rutland, VT","VT",314274.8998,28,25173.7594122594
394509,"Crossville, TN","TN",303570.7542,68,13659.9298280423
395071,"Sayre, PA","PA",195229.4582,44,15731.467032967
395049,"Salina, KS","KS",173670.6176,24,7378.96038819568
753903,"Marietta, OH","OH",189877.1159,43,11365.8882783883
394591,"Fergus Falls, MN","MN",335911.2788,52,21623.2923790787
394362,"Barre, VT","VT",394567.4513,25,24630.375
394939,"Oneonta, NY","NY",212079.5633,79,21588.2058823529
394490,"Columbus, MS","MS",169902.8117,77,8340.85347530317
394923,"Norwalk, OH","OH",176442.1339,17,15089.6746323529
394336,"Ardmore, OK","OK",178196.8574,57,15069.1126768011
394956,"Palestine, TX","TX",207755.1888,93,16073.8872507122
394605,"Fort Madison, IA","IA",119306.4436,52,9177.11594202899
394456,"Charleston, IL","IL",127850.5529,27,10291.1970899471
394592,"Fernley, NV","NV",399576.0533,38,9507.35062166516
394444,"Carson City, NV","NV",475295.5831,37,18979.9252598029
394432,"Calhoun, GA","GA",267609.5889,36,14972.0459955299
753877,"Cullowhee, NC","NC",399254.8379,61,43313.5183346504
394737,"Kearney, NE","NE",280988.8029,30,16871.3219481341
394582,"Fairmont, WV","WV",162929.716,30,10381.6785714286
394940,"Ontario, OR","OR",358212.926,56,16871.665469722
394621,"Gaffney, SC","SC",177907.4544,46,12790.417211329
394977,"Picayune, MS","MS",218059.6873,69,12301.8442895858
395131,"Sterling, IL","IL",131088.4963,31,9737.87696969697
394411,"Branson, MO","MO",256255.4486,69,10846.6600284495
394446,"Cedar City, UT","UT",408705.6834,68,17140.3619905475
395216,"Waycross, GA","GA",144953.5002,71,8166.62668382668
394951,"Oxford, MS","MS",338460.9813,29,34364.997768711
394721,"Jasper, IN","IN",229283.0281,52,11444.3967592593
394556,"Edwards, CO","CO",1313854,58,89246.7647465836
394547,"Durango, CO","CO",659587.9447,40,35631.6267278044
394750,"Kinston, NC","NC",145953.1157,39,8709.4179192455
753920,"Sonora, CA","CA",402391.9676,56,20224.8790100564
394366,"Batesville, AR","AR",148868.1043,56,13556.8753265602
394989,"Point Pleasant, WV","OH",150568.9544,37,14101.8376068376
394566,"Elko, NV","NV",344984.2846,45,15120.3053882328
394517,"Danville, KY","KY",204929.1958,55,10771.2393162393
394632,"Glasgow, KY","KY",188575.757,51,11196.2701674564
395122,"St. Marys, GA","GA",294584.4612,41,12015.1718449231
394402,"Boone, NC","NC",507710.8085,60,33586.0394728574
395204,"Warrensburg, MO","MO",271932.5506,33,13814.5177358491
394634,"Gloversville, NY","NY",208464.6001,58,14927.989755332
394604,"Fort Leonard Wood, MO","MO",210881.0841,27,9073.60303847096
394993,"Poplar Bluff, MO","MO",159742.4084,60,13106.8788530466
394562,"Elizabeth City, NC","NC",249659.6626,35,12908.3943396226
394967,"Payson, AZ","AZ",387268.9723,49,22945.6881034538
394344,"Athens, TN","TN",247484.0171,36,13464.780010346
394571,"Enterprise, AL","AL",198109.2707,34,10153.60300182
395073,"Scottsboro, AL","AL",186698.4991,49,16298.3637681159
394861,"Milledgeville, GA","GA",189003.3497,71,26416.6557692308
394742,"Kerrville, TX","TX",372887.0627,88,44049.7135005974
394363,"Bartlesville, OK","OK",171362.2371,34,11522.1860950902
394503,"Corsicana, TX","TX",222694.5331,83,20756.320941242
394652,"Greenville, OH","OH",203973.1691,27,11063.1093544137
395029,"Rochelle, IL","IL",205494.1859,27,10068.4366666667
394838,"Mason City, IA","IA",196022.1517,66,15603.7154716192
394717,"Jacksonville, TX","TX",224248.7601,93,15225.29
394625,"Galesburg, IL","IL",101588.2034,35,9339.09943103491
394954,"Pahrump, NV","NV",334982.6615,71,12451.1151798989
394963,"Paris, TX","TX",198726.356,49,17374.218319387
753905,"Newport, OR","OR",487048.3174,62,27370.4854800044
395091,"Shelbyville, TN","TN",320047.9911,41,16898.3662216867
753911,"Ozark, AL","AL",159398.4326,29,11831.0815891473
394628,"Gardnerville Ranchos, NV","NV",669841.899,56,36569.9599651937
394437,"Ca-¦on City, CO","CO",344583.8605,67,14641.9199332601
394906,"New Castle, IN","IN",171256.7214,25,11329.7507246377
394478,"Clovis, NM","NM",157549.0345,68,9118.30909090909
394919,"Norfolk, NE","NE",235955.8309,52,11127.7589322143
394431,"Cadillac, MI","MI",214478.1343,31,11909.5587082389
395008,"Pullman, WA","WA",382407.0775,45,15729.7901903128
394819,"Malone, NY","NY",173475.6255,71,18651.2287878788
394527,"Del Rio, TX","TX",202954.1451,84,12504.5433157628
394391,"Blackfoot, ID","ID",353863.1493,44,14419.7319223986
395017,"Red Wing, MN","MN",322981.1078,46,11600.7544945476
394918,"Nogales, AZ","AZ",272239.0518,107,16549.2203361345
395144,"Tahlequah, OK","OK",199694.5412,75,15354.0589620029
394876,"Montrose, CO","CO",468526.0612,70,33333.9546839888
394887,"Mount Sterling, KY","KY",172280.7199,43,11527.3523231609
394477,"Clinton, IA","IA",169487.8553,46,12719.4313081554
753916,"Sandpoint, ID","ID",637995.0792,54,46701.6565252314
753865,"Bardstown, KY","KY",247819.9488,69,11457.9691516024
394987,"Plymouth, IN","IN",247894.803,44,16565.1543209877
394379,"Bemidji, MN","MN",271297.2038,43,14195.2009189641
394377,"Bellefontaine, OH","OH",235453.2231,32,11376.3642237983
394426,"Burley, ID","ID",323642.3702,38,15477.5351724138
394548,"Durant, OK","OK",229606.95,89,14750.6373330298
394500,"Cornelia, GA","GA",306338.5771,50,17508.3367346939
753889,"Hillsdale, MI","MI",201992.8003,27,19389.9294948381
395155,"Thomasville, GA","GA",210085.0486,54,13848.9949494949
394961,"Paragould, AR","AR",184462.7013,45,8433.81900011467
394427,"Burlington, IA","IA",132685.59,35,8107.89598997494
394817,"Madisonville, KY","KY",146898.8578,36,12394.8749292586
395208,"Washington, NC","NC",243573.1441,49,17400.4126082251
394667,"Harrison, AR","AR",221276.2733,57,17325.0647424989
395037,"Rolla, MO","MO",207104.6604,39,14147.6984551396
394482,"Coldwater, MI","MI",199996.6308,74,13710.3012820513
394567,"Ellensburg, WA","WA",514395.2941,34,37089.769163869
394990,"Ponca City, OK","OK",103396.6011,54,11549.327014652
394779,"Lawrenceburg, TN","TN",236280.2391,51,13794.2057071078
394842,"McAlester, OK","OK",141744.0416,92,19907.725129881
394886,"Mount Pleasant, TX","TX",220205.7619,91,17004.2853779289
395228,"Willmar, MN","MN",269031.0379,51,19541.8638861139
394895,"Muscatine, IA","IA",194142.9478,34,9874.02812241522
394349,"Auburn, IN","IN",233899.8311,19,11710.8597883598
394545,"Duncan, OK","OK",131948.2265,46,10799.7294973545
395081,"Sedalia, MO","MO",176400.1082,46,11411.0571496891
394448,"Cedartown, GA","GA",216779.7732,60,13376.0150553811
394677,"Henderson, NC","NC",187123.4153,54,10608.7796296296
394627,"Garden City, KS","KS",231247.4994,69,10468.3068783069
395129,"Stephenville, TX","TX",314975.7898,56,30318.3246460746
395230,"Wilmington, OH","OH",234415.1558,23,13799.956937799
394424,"Bucyrus, OH","OH",145005.3519,23,11717.1907308378
394624,"Gainesville, TX","TX",308673.3136,74,25303.5867952309
394845,"McMinnville, TN","TN",246704.6375,36,13666.2124775986
394341,"Astoria, OR","OR",526388.9019,53,33682.5647210088
394833,"Marshalltown, IA","IA",164624.9688,26,10929.4261294261
394384,"Big Rapids, MI","MI",220587.5935,44,14958.7130924304
394354,"Austin, MN","MN",190174.0895,41,9670.40849673203
395219,"West Plains, MO","MO",212043.7308,75,12869.2378167641
394934,"Okeechobee, FL","FL",273631.8267,68,11829.1653846154
394881,"Moscow, ID","ID",457104.6652,42,25481.2454122675
394476,"Clewiston, FL","FL",278472.8269,94,11520.2993938785
394663,"Hannibal, MO","MO",188870.5104,47,12377.9488536155
394315,"Alexandria, MN","MN",341123.1197,29,16208.3036383555
395178,"Urbana, OH","OH",237407.7806,26,15456.9762962963
394434,"Cambridge, OH","OH",153225.6008,44,11561.1331707647
394300,"Ada, OK","OK",178201.7014,49,13620.2945326279
394422,"Brownwood, TX","TX",190974.0066,79,15300.1343246302
394507,"Crawfordsville, IN","IN",208870.9677,24,10109.8547619048
395072,"Scottsbluff, NE","NE",186848.3958,48,12126.4285714286
394451,"Centralia, IL","IL",106797.4066,22,10981.960056171
394554,"Easton, MD","MD",483639.7652,30,70943.6418420081
394617,"Fremont, NE","NE",232431.6093,36,11544.3343679712
394382,"Bennington, VT","VT",380616.2309,32,41564.3023809524
394550,"Dyersburg, TN","TN",164566.2719,50,10033.3726190476
394745,"Kill Devil Hills, NC","NC",602306.402,54,27795.1016264775
395137,"Sulphur Springs, TX","TX",277229.6049,56,18890.1860744298
394696,"Huntington, IN","IN",194807.9193,23,10086.3555555556
395192,"Vincennes, IN","IN",145641.9657,44,12638.3478576616
394370,"Bay City, TX","TX",209162.0464,106,19555.2289976265
394920,"North Platte, NE","NE",202741.8801,39,14969.879349046
394781,"Lebanon, MO","MO",220957.6621,55,10359.0561660562
394413,"Brenham, TX","TX",343500.408,86,41815.65791356
395187,"Vernal, UT","UT",325625.5184,64,24212.1663003663
394947,"Ottumwa, IA","IA",125442.071,37,7116.69560185185
394430,"Butte, MT","MT",279289.2407,51,20443.34733514
394713,"Jackson, WY","WY",1458567.959,56,107294.475483581
394557,"Effingham, IL","IL",204675.6962,49,10201.8487259867
395211,"Watertown, SD","SD",332671.6156,48,10401.1976911977
394331,"Angola, IN","IN",307051.5677,51,20457.7988816739
395149,"Taos, NM","NM",443133.1803,67,35859.1684782609
394786,"Lewisburg, TN","TN",322462.8865,42,15550.8667858917
394533,"Dickinson, ND","ND",288394.3963,48,16646.8545751634
394613,"Frankfort, IN","IN",199643.6485,32,9740.53968253968
395141,"Susanville, CA","CA",235302.7017,122,16843.417211329
394835,"Martin, TN","TN",178176.8282,68,12945.3240740741
753878,"Dayton, TN","TN",246479.6756,49,16604.9983854227
394433,"Cambridge, MD","MD",264670.1447,48,25159.665559247
394481,"Coffeyville, KS","KS",90952.26878,58,10622.0467929293
394383,"Berlin, NH","NH",253087.0932,53,23458.6833333333
394670,"Hastings, NE","NE",201584.9269,34,11179.8321427522
753871,"Breckenridge, CO","CO",983235.823,34,43909.417306861
753901,"Ludington, MI","MI",254498.5564,59,19235.7221231927
394673,"Hays, KS","KS",229560.051,29,10779.7337379396
394892,"Mountain Home, ID","ID",348310.7799,36,13198.3044047619
394864,"Mineral Wells, TX","TX",255798.0981,107,39010.5668972185
394615,"Fredericksburg, TX","TX",533039.149,108,52596.8313306977
395159,"Toccoa, GA","GA",219904.714,34,14636.5722610723
395110,"Spearfish, SD","SD",427249.7641,37,24215.1304563492
394322,"Altus, OK","OK",109900.451,43,10923.2600732601
753884,"Hailey, ID","ID",954945.1509,67,82301.3247863248
753921,"Steamboat Springs, CO","CO",1085568.936,50,74923.3413994757
394869,"Moberly, MO","MO",164742.142,47,9403.18713450292
395004,"Prineville, OR","OR",461723.7308,65,23069.8431723315
394687,"Hood River, OR","OR",691338.5729,41,35425.9519749929
394418,"Brookings, OR","OR",478583.4574,81,23793.3379715523
394564,"Elk City, OK","OK",140404.9647,94,13784.1666666667
753914,"Port Lavaca, TX","TX",198705.6372,109,17041.3381642512
753925,"Vineyard Haven, MA","MA",1536732.272,93,124037.451159951
395112,"Spirit Lake, IA","IA",385294.7592,49,31380.5925925926
